building_id,log_date,temperature_celsius,occupancy_level,air_quality_index
1,2025-01-01,20.64,Low,61
1,2025-01-02,26.09,Low,90
1,2025-01-03,23.34,Medium,149
1,2025-01-04,16.02,Low,111
1,2025-01-05,19.64,Medium,76
1,2025-01-06,23.74,High,130
1,2025-01-07,27.55,Medium,71
1,2025-01-08,16.93,High,104
1,2025-01-09,15.4,Low,108
1,2025-01-10,16.16,High,95
1,2025-01-11,29.36,High,99
1,2025-01-12,28.82,Medium,116
1,2025-01-13,20.13,High,141
1,2025-01-14,21.6,Low,148
1,2025-01-15,18.98,Medium,90
1,2025-01-16,23.97,Low,117
1,2025-01-17,26.21,Medium,128
1,2025-01-18,18.15,High,96
1,2025-01-19,15.17,Medium,145
1,2025-01-20,16.17,Low,119
1,2025-01-21,17.11,Medium,142
1,2025-01-22,27.66,Low,84
1,2025-01-23,28.12,High,97
1,2025-01-24,24.48,Medium,78
1,2025-01-25,17.13,High,58
1,2025-01-26,20.46,Low,131
1,2025-01-27,20.43,High,119
1,2025-01-28,22.65,High,78
1,2025-01-29,22.64,Medium,150
1,2025-01-30,29.36,Medium,87
2,2025-01-01,25.48,High,64
2,2025-01-02,23.95,Medium,124
2,2025-01-03,22.66,High,120
2,2025-01-04,19.36,Medium,120
2,2025-01-05,16.91,Low,71
2,2025-01-06,19.26,Low,135
2,2025-01-07,25.38,Medium,85
2,2025-01-08,15.08,High,112
2,2025-01-09,27.75,Low,118
2,2025-01-10,23.28,Medium,81
2,2025-01-11,27.14,Medium,144
2,2025-01-12,27.32,Medium,108
2,2025-01-13,16.25,High,118
2,2025-01-14,22.8,High,80
2,2025-01-15,21.27,Medium,123
2,2025-01-16,23.32,High,122
2,2025-01-17,28.15,High,109
2,2025-01-18,26.73,High,111
2,2025-01-19,23.26,High,134
2,2025-01-20,25.68,Medium,128
2,2025-01-21,18.29,High,125
2,2025-01-22,18.21,Low,99
2,2025-01-23,22.58,Medium,113
2,2025-01-24,21.97,Low,126
2,2025-01-25,15.99,Medium,144
2,2025-01-26,21.42,Medium,109
2,2025-01-27,25.38,Low,150
2,2025-01-28,20.32,Low,134
2,2025-01-29,17.31,Low,79
2,2025-01-30,23.12,Medium,55
3,2025-01-01,26.33,Low,109
3,2025-01-02,19.52,High,61
3,2025-01-03,21.39,Medium,111
3,2025-01-04,28.58,Medium,112
3,2025-01-05,25.54,Low,57
3,2025-01-06,29.11,High,57
3,2025-01-07,29.54,Low,129
3,2025-01-08,18.09,Medium,91
3,2025-01-09,19.71,Low,75
3,2025-01-10,28.86,Medium,94
3,2025-01-11,19.36,High,140
3,2025-01-12,27.32,High,88
3,2025-01-13,16.94,Medium,147
3,2025-01-14,17.39,High,137
3,2025-01-15,20.01,Medium,89
3,2025-01-16,29.32,Medium,131
3,2025-01-17,28.33,Medium,106
3,2025-01-18,18.82,High,74
3,2025-01-19,24.59,Low,135
3,2025-01-20,26.47,Low,113
3,2025-01-21,27.6,Medium,79
3,2025-01-22,17.59,High,121
3,2025-01-23,24.69,Low,94
3,2025-01-24,29.44,Low,66
3,2025-01-25,16.05,Low,112
3,2025-01-26,29.94,Low,80
3,2025-01-27,20.93,High,94
3,2025-01-28,16.3,Medium,58
3,2025-01-29,22.2,High,91
3,2025-01-30,16.65,Medium,78
4,2025-01-01,19.45,Medium,132
4,2025-01-02,22.3,Medium,85
4,2025-01-03,19.81,Medium,75
4,2025-01-04,27.56,High,51
4,2025-01-05,28.58,Medium,100
4,2025-01-06,27.23,Medium,110
4,2025-01-07,26.86,High,130
4,2025-01-08,17.48,Low,72
4,2025-01-09,28.99,Medium,97
4,2025-01-10,26.26,Low,111
4,2025-01-11,27.26,Low,103
4,2025-01-12,26.99,High,88
4,2025-01-13,28.75,Medium,99
4,2025-01-14,17.6,Medium,107
4,2025-01-15,18.55,High,101
4,2025-01-16,16.92,High,78
4,2025-01-17,17.96,High,142
4,2025-01-18,29.65,Medium,118
4,2025-01-19,16.15,High,127
4,2025-01-20,22.69,Low,137
4,2025-01-21,28.51,High,103
4,2025-01-22,21.06,High,65
4,2025-01-23,27.12,High,97
4,2025-01-24,23.69,Low,56
4,2025-01-25,22.66,Low,121
4,2025-01-26,20.85,Medium,124
4,2025-01-27,22.94,Medium,108
4,2025-01-28,17.39,High,137
4,2025-01-29,19.09,Low,80
4,2025-01-30,17.29,Low,114
5,2025-01-01,20.87,Medium,65
5,2025-01-02,17.44,Medium,111
5,2025-01-03,22.43,High,119
5,2025-01-04,20.39,High,138
5,2025-01-05,21.77,Low,91
5,2025-01-06,22.94,High,93
5,2025-01-07,23.76,Medium,150
5,2025-01-08,23.16,High,113
5,2025-01-09,15.55,Low,82
5,2025-01-10,19.03,Medium,97
5,2025-01-11,20.72,Medium,83
5,2025-01-12,26.55,Low,62
5,2025-01-13,27.56,Low,123
5,2025-01-14,29.61,High,83
5,2025-01-15,25.83,Medium,143
5,2025-01-16,29.72,Medium,73
5,2025-01-17,26.11,Low,135
5,2025-01-18,22.96,Low,115
5,2025-01-19,17.14,Low,76
5,2025-01-20,15.06,Low,71
5,2025-01-21,25.69,High,123
5,2025-01-22,23.6,Medium,134
5,2025-01-23,28.6,High,137
5,2025-01-24,21.74,Low,56
5,2025-01-25,20.44,Medium,67
5,2025-01-26,24.56,High,148
5,2025-01-27,15.23,High,100
5,2025-01-28,26.77,Low,129
5,2025-01-29,20.25,High,71
5,2025-01-30,24.98,High,141
6,2025-01-01,15.56,Low,120
6,2025-01-02,18.34,Low,58
6,2025-01-03,22.42,Low,78
6,2025-01-04,23.51,High,71
6,2025-01-05,24.11,High,57
6,2025-01-06,24.66,High,126
6,2025-01-07,19.83,Low,89
6,2025-01-08,18.03,Low,149
6,2025-01-09,15.08,High,81
6,2025-01-10,28.26,Low,107
6,2025-01-11,26.55,Low,103
6,2025-01-12,29.41,Low,53
6,2025-01-13,26.06,High,138
6,2025-01-14,22.53,Low,62
6,2025-01-15,29.07,High,81
6,2025-01-16,24.68,Medium,53
6,2025-01-17,25.52,Low,54
6,2025-01-18,16.44,Medium,75
6,2025-01-19,17.18,High,64
6,2025-01-20,23.91,Low,105
6,2025-01-21,23.79,High,85
6,2025-01-22,19.48,Medium,68
6,2025-01-23,26.88,Medium,106
6,2025-01-24,19.86,Low,77
6,2025-01-25,25.61,Medium,63
6,2025-01-26,22.69,High,57
6,2025-01-27,23.56,Low,144
6,2025-01-28,19.49,Low,59
6,2025-01-29,28.9,Medium,95
6,2025-01-30,27.55,Low,88
7,2025-01-01,29.87,High,61
7,2025-01-02,16.01,Low,92
7,2025-01-03,15.97,Medium,64
7,2025-01-04,22.96,Low,134
7,2025-01-05,26.62,High,150
7,2025-01-06,16.56,Low,150
7,2025-01-07,25.02,High,147
7,2025-01-08,24.41,Medium,112
7,2025-01-09,15.87,Medium,81
7,2025-01-10,28.22,High,99
7,2025-01-11,24.37,High,75
7,2025-01-12,18.77,Medium,70
7,2025-01-13,27.16,Low,101
7,2025-01-14,17.78,Low,148
7,2025-01-15,18.24,Medium,107
7,2025-01-16,25.1,High,94
7,2025-01-17,17.32,Medium,54
7,2025-01-18,28.58,High,113
7,2025-01-19,26.89,High,110
7,2025-01-20,17.78,High,61
7,2025-01-21,26.87,High,123
7,2025-01-22,24.36,High,150
7,2025-01-23,25.82,Low,118
7,2025-01-24,26.84,Medium,83
7,2025-01-25,29.75,Medium,129
7,2025-01-26,21.77,Low,79
7,2025-01-27,20.7,High,66
7,2025-01-28,28.0,High,74
7,2025-01-29,18.09,Medium,147
7,2025-01-30,22.61,High,138
8,2025-01-01,24.24,Medium,71
8,2025-01-02,20.3,Low,130
8,2025-01-03,27.95,High,150
8,2025-01-04,26.12,Low,129
8,2025-01-05,28.17,Medium,62
8,2025-01-06,24.07,Medium,63
8,2025-01-07,22.52,High,140
8,2025-01-08,22.13,High,68
8,2025-01-09,18.57,High,122
8,2025-01-10,18.17,Medium,123
8,2025-01-11,26.7,High,95
8,2025-01-12,15.34,High,101
8,2025-01-13,19.23,Low,74
8,2025-01-14,17.18,High,59
8,2025-01-15,27.11,Low,73
8,2025-01-16,21.9,High,136
8,2025-01-17,25.93,High,74
8,2025-01-18,20.93,High,77
8,2025-01-19,18.63,High,94
8,2025-01-20,22.63,High,115
8,2025-01-21,26.27,Low,94
8,2025-01-22,21.27,Low,108
8,2025-01-23,26.92,Medium,58
8,2025-01-24,22.59,Low,90
8,2025-01-25,15.99,Medium,60
8,2025-01-26,16.41,Low,138
8,2025-01-27,24.31,High,79
8,2025-01-28,23.06,Medium,69
8,2025-01-29,20.36,Medium,145
8,2025-01-30,20.36,High,92
9,2025-01-01,28.04,Medium,85
9,2025-01-02,23.65,Medium,58
9,2025-01-03,21.94,Low,144
9,2025-01-04,15.66,Low,132
9,2025-01-05,23.62,Low,128
9,2025-01-06,17.91,High,150
9,2025-01-07,21.33,Medium,71
9,2025-01-08,22.14,High,62
9,2025-01-09,21.92,Low,89
9,2025-01-10,22.9,Low,57
9,2025-01-11,18.31,Low,87
9,2025-01-12,21.14,Medium,92
9,2025-01-13,27.05,High,88
9,2025-01-14,24.31,Medium,78
9,2025-01-15,23.53,Low,119
9,2025-01-16,19.48,Medium,116
9,2025-01-17,23.22,Low,125
9,2025-01-18,18.92,Medium,63
9,2025-01-19,28.55,Low,65
9,2025-01-20,25.18,Medium,79
9,2025-01-21,22.16,Medium,58
9,2025-01-22,29.91,Low,95
9,2025-01-23,27.18,Low,56
9,2025-01-24,17.46,Medium,120
9,2025-01-25,19.65,Low,127
9,2025-01-26,26.17,Medium,143
9,2025-01-27,27.07,Low,126
9,2025-01-28,21.9,High,78
9,2025-01-29,19.58,Low,140
9,2025-01-30,23.36,Low,111
10,2025-01-01,21.02,Medium,78
10,2025-01-02,17.2,Low,90
10,2025-01-03,26.15,Low,61
10,2025-01-04,26.56,Medium,75
10,2025-01-05,21.35,Medium,135
10,2025-01-06,22.29,Medium,59
10,2025-01-07,15.19,High,95
10,2025-01-08,15.9,Medium,90
10,2025-01-09,27.12,Low,147
10,2025-01-10,16.59,Medium,60
10,2025-01-11,21.04,Low,135
10,2025-01-12,27.84,Medium,72
10,2025-01-13,28.91,Low,100
10,2025-01-14,29.23,High,61
10,2025-01-15,19.77,Medium,93
10,2025-01-16,22.74,Medium,59
10,2025-01-17,24.8,Medium,87
10,2025-01-18,15.24,Medium,124
10,2025-01-19,22.21,Medium,126
10,2025-01-20,26.01,Medium,111
10,2025-01-21,21.45,Low,76
10,2025-01-22,24.7,Low,75
10,2025-01-23,26.85,High,63
10,2025-01-24,17.18,Low,58
10,2025-01-25,15.64,High,125
10,2025-01-26,19.03,Medium,132
10,2025-01-27,19.58,Medium,73
10,2025-01-28,19.41,Medium,84
10,2025-01-29,24.53,High,124
10,2025-01-30,23.18,Medium,89
11,2025-01-01,20.59,Medium,143
11,2025-01-02,25.26,Medium,142
11,2025-01-03,22.84,Medium,117
11,2025-01-04,26.84,Low,95
11,2025-01-05,20.97,Low,120
11,2025-01-06,27.14,Medium,126
11,2025-01-07,17.68,High,92
11,2025-01-08,25.6,High,69
11,2025-01-09,15.04,High,57
11,2025-01-10,20.21,Low,88
11,2025-01-11,28.43,Medium,83
11,2025-01-12,21.55,High,136
11,2025-01-13,25.69,Medium,90
11,2025-01-14,18.03,High,58
11,2025-01-15,24.63,High,54
11,2025-01-16,27.51,High,54
11,2025-01-17,27.07,High,134
11,2025-01-18,15.88,Medium,89
11,2025-01-19,18.93,Low,108
11,2025-01-20,22.04,Medium,100
11,2025-01-21,26.48,High,99
11,2025-01-22,27.04,Medium,115
11,2025-01-23,29.5,Low,95
11,2025-01-24,22.51,Medium,141
11,2025-01-25,17.4,Low,116
11,2025-01-26,22.32,High,91
11,2025-01-27,28.88,Medium,79
11,2025-01-28,29.28,Medium,62
11,2025-01-29,16.29,High,74
11,2025-01-30,18.11,Medium,107
12,2025-01-01,29.1,Low,102
12,2025-01-02,24.27,Medium,84
12,2025-01-03,20.34,Low,56
12,2025-01-04,25.69,High,103
12,2025-01-05,26.52,High,110
12,2025-01-06,22.0,High,82
12,2025-01-07,24.4,Low,144
12,2025-01-08,28.21,High,96
12,2025-01-09,21.54,High,139
12,2025-01-10,24.66,High,58
12,2025-01-11,17.64,Low,67
12,2025-01-12,18.82,High,60
12,2025-01-13,16.7,Medium,77
12,2025-01-14,25.81,High,64
12,2025-01-15,21.63,Low,148
12,2025-01-16,16.89,Low,59
12,2025-01-17,27.95,Low,62
12,2025-01-18,23.13,High,148
12,2025-01-19,25.89,Low,63
12,2025-01-20,17.7,Low,131
12,2025-01-21,25.89,Medium,54
12,2025-01-22,29.18,Low,117
12,2025-01-23,19.02,Low,129
12,2025-01-24,26.05,High,52
12,2025-01-25,26.44,Low,85
12,2025-01-26,16.23,High,98
12,2025-01-27,22.97,High,60
12,2025-01-28,25.14,Medium,105
12,2025-01-29,26.36,Low,73
12,2025-01-30,28.78,Medium,60
13,2025-01-01,19.22,Medium,94
13,2025-01-02,24.65,Low,141
13,2025-01-03,26.28,Low,101
13,2025-01-04,21.89,High,54
13,2025-01-05,17.33,Low,150
13,2025-01-06,29.24,High,58
13,2025-01-07,27.58,Low,115
13,2025-01-08,17.51,Medium,92
13,2025-01-09,27.17,High,77
13,2025-01-10,17.68,Low,127
13,2025-01-11,27.16,Medium,143
13,2025-01-12,17.75,Medium,95
13,2025-01-13,27.07,High,138
13,2025-01-14,27.3,High,129
13,2025-01-15,24.5,Low,139
13,2025-01-16,20.95,Medium,141
13,2025-01-17,24.68,Low,138
13,2025-01-18,21.82,Low,128
13,2025-01-19,20.74,High,144
13,2025-01-20,29.41,High,101
13,2025-01-21,19.32,Medium,99
13,2025-01-22,25.32,Low,137
13,2025-01-23,28.09,Low,56
13,2025-01-24,15.66,Low,131
13,2025-01-25,26.67,Medium,129
13,2025-01-26,25.99,Low,66
13,2025-01-27,27.09,Low,99
13,2025-01-28,29.84,High,122
13,2025-01-29,19.66,Medium,142
13,2025-01-30,16.55,Low,58
14,2025-01-01,22.19,Low,120
14,2025-01-02,19.0,Medium,111
14,2025-01-03,23.46,Low,125
14,2025-01-04,24.1,Low,74
14,2025-01-05,25.02,High,112
14,2025-01-06,16.31,High,148
14,2025-01-07,28.06,Medium,62
14,2025-01-08,25.48,Low,59
14,2025-01-09,16.2,High,133
14,2025-01-10,22.37,High,136
14,2025-01-11,25.84,Medium,87
14,2025-01-12,26.37,Low,95
14,2025-01-13,19.7,High,138
14,2025-01-14,22.83,Medium,64
14,2025-01-15,21.51,Medium,102
14,2025-01-16,20.12,Medium,143
14,2025-01-17,25.55,Low,140
14,2025-01-18,20.03,Medium,104
14,2025-01-19,27.78,Medium,139
14,2025-01-20,29.52,Low,74
14,2025-01-21,20.52,Medium,132
14,2025-01-22,28.43,Low,131
14,2025-01-23,21.47,Medium,120
14,2025-01-24,21.58,Low,141
14,2025-01-25,28.23,Medium,50
14,2025-01-26,21.03,Medium,64
14,2025-01-27,24.93,High,102
14,2025-01-28,24.75,High,126
14,2025-01-29,22.6,Medium,55
14,2025-01-30,26.53,Medium,65
15,2025-01-01,20.79,Low,91
15,2025-01-02,26.83,Medium,139
15,2025-01-03,28.82,Low,131
15,2025-01-04,26.14,High,91
15,2025-01-05,28.92,High,69
15,2025-01-06,16.13,High,55
15,2025-01-07,27.18,Low,116
15,2025-01-08,15.05,Medium,75
15,2025-01-09,17.26,High,73
15,2025-01-10,29.77,High,81
15,2025-01-11,24.08,Low,64
15,2025-01-12,21.87,High,89
15,2025-01-13,28.73,Medium,116
15,2025-01-14,18.12,Low,95
15,2025-01-15,22.29,High,50
15,2025-01-16,18.88,Low,129
15,2025-01-17,22.73,Medium,148
15,2025-01-18,27.23,Low,99
15,2025-01-19,18.68,High,104
15,2025-01-20,19.44,Low,131
15,2025-01-21,23.14,Low,145
15,2025-01-22,15.06,Medium,139
15,2025-01-23,20.08,Low,100
15,2025-01-24,23.66,Medium,80
15,2025-01-25,15.44,Medium,65
15,2025-01-26,21.01,Low,85
15,2025-01-27,17.39,High,101
15,2025-01-28,25.87,Medium,141
15,2025-01-29,29.43,Medium,64
15,2025-01-30,25.05,Medium,135
16,2025-01-01,17.66,Low,105
16,2025-01-02,21.64,Medium,111
16,2025-01-03,26.91,Medium,62
16,2025-01-04,20.42,Low,143
16,2025-01-05,16.98,Low,141
16,2025-01-06,15.79,Low,146
16,2025-01-07,27.79,Medium,64
16,2025-01-08,21.39,High,70
16,2025-01-09,28.3,High,140
16,2025-01-10,20.74,Medium,144
16,2025-01-11,17.91,Medium,127
16,2025-01-12,28.79,Medium,66
16,2025-01-13,21.37,High,96
16,2025-01-14,19.89,Low,147
16,2025-01-15,22.35,High,66
16,2025-01-16,26.29,High,79
16,2025-01-17,15.99,High,79
16,2025-01-18,24.7,Medium,112
16,2025-01-19,20.86,Medium,109
16,2025-01-20,22.83,High,74
16,2025-01-21,22.74,High,76
16,2025-01-22,15.88,High,71
16,2025-01-23,21.78,Low,142
16,2025-01-24,17.75,High,100
16,2025-01-25,23.63,Medium,139
16,2025-01-26,27.64,Low,81
16,2025-01-27,27.06,High,90
16,2025-01-28,18.24,High,111
16,2025-01-29,17.34,Low,56
16,2025-01-30,28.89,Low,109
17,2025-01-01,27.61,High,139
17,2025-01-02,23.55,Medium,150
17,2025-01-03,19.45,Low,113
17,2025-01-04,19.19,High,97
17,2025-01-05,23.99,High,105
17,2025-01-06,27.58,High,139
17,2025-01-07,28.07,Low,81
17,2025-01-08,21.4,Medium,138
17,2025-01-09,15.29,Low,134
17,2025-01-10,26.79,High,89
17,2025-01-11,18.86,Medium,120
17,2025-01-12,28.85,Medium,142
17,2025-01-13,16.18,Low,109
17,2025-01-14,15.7,Low,69
17,2025-01-15,16.5,High,74
17,2025-01-16,22.8,Low,56
17,2025-01-17,29.89,High,113
17,2025-01-18,15.85,Medium,51
17,2025-01-19,25.69,Medium,108
17,2025-01-20,28.12,High,93
17,2025-01-21,25.65,Low,127
17,2025-01-22,20.65,High,71
17,2025-01-23,26.95,Medium,65
17,2025-01-24,19.9,Low,66
17,2025-01-25,22.9,High,98
17,2025-01-26,24.11,High,143
17,2025-01-27,20.88,High,60
17,2025-01-28,20.79,Medium,79
17,2025-01-29,16.22,Medium,135
17,2025-01-30,29.61,Low,93
18,2025-01-01,21.68,Medium,56
18,2025-01-02,23.01,High,110
18,2025-01-03,16.17,Medium,113
18,2025-01-04,21.74,Medium,75
18,2025-01-05,16.97,Medium,118
18,2025-01-06,16.35,High,63
18,2025-01-07,22.34,High,60
18,2025-01-08,21.12,Medium,117
18,2025-01-09,20.27,Medium,106
18,2025-01-10,17.94,Low,119
18,2025-01-11,15.42,Medium,90
18,2025-01-12,22.44,Medium,150
18,2025-01-13,22.56,High,136
18,2025-01-14,20.18,High,111
18,2025-01-15,24.45,High,150
18,2025-01-16,25.93,High,60
18,2025-01-17,16.29,Low,91
18,2025-01-18,22.08,High,108
18,2025-01-19,18.76,High,77
18,2025-01-20,26.98,High,84
18,2025-01-21,19.01,Low,102
18,2025-01-22,21.83,Low,106
18,2025-01-23,19.38,Low,75
18,2025-01-24,26.48,Medium,58
18,2025-01-25,29.62,Low,136
18,2025-01-26,15.2,Medium,123
18,2025-01-27,20.4,High,147
18,2025-01-28,20.57,Low,148
18,2025-01-29,21.93,Low,56
18,2025-01-30,22.38,High,110
19,2025-01-01,19.34,Medium,85
19,2025-01-02,26.84,High,67
19,2025-01-03,26.87,High,100
19,2025-01-04,18.91,Medium,115
19,2025-01-05,22.71,Medium,145
19,2025-01-06,29.98,Medium,108
19,2025-01-07,28.03,Medium,52
19,2025-01-08,21.58,Low,68
19,2025-01-09,25.43,Medium,52
19,2025-01-10,29.39,Low,101
19,2025-01-11,30.0,High,60
19,2025-01-12,27.96,Medium,94
19,2025-01-13,17.33,Low,54
19,2025-01-14,22.43,High,112
19,2025-01-15,22.11,Low,101
19,2025-01-16,26.79,Low,129
19,2025-01-17,18.51,High,69
19,2025-01-18,26.08,Medium,106
19,2025-01-19,18.44,Low,54
19,2025-01-20,20.15,Medium,138
19,2025-01-21,17.0,Low,120
19,2025-01-22,19.3,High,60
19,2025-01-23,21.96,Low,121
19,2025-01-24,18.03,Low,125
19,2025-01-25,15.78,High,79
19,2025-01-26,28.41,Low,65
19,2025-01-27,17.33,Medium,148
19,2025-01-28,22.21,High,54
19,2025-01-29,20.5,High,100
19,2025-01-30,23.05,Low,51
20,2025-01-01,15.71,Medium,71
20,2025-01-02,15.43,High,81
20,2025-01-03,27.82,Low,102
20,2025-01-04,16.85,High,100
20,2025-01-05,17.32,Low,69
20,2025-01-06,17.55,High,123
20,2025-01-07,26.17,High,98
20,2025-01-08,19.47,Low,89
20,2025-01-09,25.35,Low,114
20,2025-01-10,27.8,Medium,76
20,2025-01-11,16.65,Low,63
20,2025-01-12,26.34,Medium,127
20,2025-01-13,26.7,High,150
20,2025-01-14,16.46,Low,103
20,2025-01-15,24.65,Low,144
20,2025-01-16,28.09,High,107
20,2025-01-17,26.26,Medium,97
20,2025-01-18,22.02,Low,83
20,2025-01-19,25.76,Medium,66
20,2025-01-20,15.93,High,99
20,2025-01-21,22.59,Medium,57
20,2025-01-22,29.43,Low,84
20,2025-01-23,18.78,Medium,97
20,2025-01-24,24.12,Medium,124
20,2025-01-25,28.69,Low,122
20,2025-01-26,21.92,Low,107
20,2025-01-27,22.77,Medium,109
20,2025-01-28,15.04,High,70
20,2025-01-29,25.73,Low,143
20,2025-01-30,20.79,High,115
21,2025-01-01,18.76,Low,59
21,2025-01-02,16.78,Low,58
21,2025-01-03,18.3,High,73
21,2025-01-04,19.48,Low,147
21,2025-01-05,20.98,High,63
21,2025-01-06,26.83,Low,104
21,2025-01-07,18.7,High,133
21,2025-01-08,19.85,High,119
21,2025-01-09,20.97,High,58
21,2025-01-10,25.53,Medium,65
21,2025-01-11,17.66,High,143
21,2025-01-12,18.31,High,99
21,2025-01-13,22.13,High,90
21,2025-01-14,19.83,High,74
21,2025-01-15,25.94,Medium,107
21,2025-01-16,24.18,Medium,129
21,2025-01-17,23.9,Medium,138
21,2025-01-18,23.19,Low,139
21,2025-01-19,28.44,High,133
21,2025-01-20,27.81,Medium,130
21,2025-01-21,25.97,Medium,108
21,2025-01-22,23.9,Low,97
21,2025-01-23,28.18,Medium,137
21,2025-01-24,17.7,Medium,78
21,2025-01-25,22.39,High,76
21,2025-01-26,26.58,High,128
21,2025-01-27,25.28,Medium,134
21,2025-01-28,15.39,Low,77
21,2025-01-29,25.47,Medium,99
21,2025-01-30,19.85,Low,76
22,2025-01-01,20.34,Medium,127
22,2025-01-02,21.44,Medium,111
22,2025-01-03,29.93,Low,112
22,2025-01-04,23.2,Low,128
22,2025-01-05,21.32,Low,118
22,2025-01-06,27.46,Low,144
22,2025-01-07,17.55,High,106
22,2025-01-08,24.86,Low,78
22,2025-01-09,17.73,High,57
22,2025-01-10,19.06,Low,137
22,2025-01-11,24.01,High,90
22,2025-01-12,25.52,High,112
22,2025-01-13,27.4,Medium,99
22,2025-01-14,18.34,Medium,87
22,2025-01-15,27.29,High,68
22,2025-01-16,21.9,Medium,114
22,2025-01-17,25.88,Medium,77
22,2025-01-18,27.71,Medium,137
22,2025-01-19,15.63,Medium,107
22,2025-01-20,25.05,Low,133
22,2025-01-21,28.73,High,109
22,2025-01-22,26.41,Medium,63
22,2025-01-23,29.12,High,74
22,2025-01-24,25.1,Medium,89
22,2025-01-25,17.03,High,135
22,2025-01-26,24.29,High,145
22,2025-01-27,17.36,Medium,93
22,2025-01-28,18.82,Medium,54
22,2025-01-29,22.54,Medium,98
22,2025-01-30,29.26,Low,61
23,2025-01-01,16.99,Low,56
23,2025-01-02,26.68,Medium,96
23,2025-01-03,17.67,Medium,92
23,2025-01-04,24.39,High,127
23,2025-01-05,15.74,High,146
23,2025-01-06,19.68,Low,76
23,2025-01-07,27.65,Low,146
23,2025-01-08,23.41,High,105
23,2025-01-09,21.21,Low,87
23,2025-01-10,26.36,Medium,123
23,2025-01-11,18.84,Medium,148
23,2025-01-12,28.68,High,141
23,2025-01-13,18.65,Low,137
23,2025-01-14,26.33,High,76
23,2025-01-15,25.47,Medium,118
23,2025-01-16,26.41,Low,129
23,2025-01-17,20.42,Low,51
23,2025-01-18,19.96,Medium,118
23,2025-01-19,23.88,High,130
23,2025-01-20,21.94,Low,113
23,2025-01-21,28.0,Low,93
23,2025-01-22,15.79,Medium,126
23,2025-01-23,20.76,High,120
23,2025-01-24,27.0,Low,107
23,2025-01-25,22.71,Medium,149
23,2025-01-26,29.19,Medium,150
23,2025-01-27,19.16,Medium,55
23,2025-01-28,26.19,Low,142
23,2025-01-29,21.5,High,74
23,2025-01-30,21.42,Medium,98
24,2025-01-01,22.47,High,73
24,2025-01-02,18.32,Low,119
24,2025-01-03,29.33,Medium,146
24,2025-01-04,18.58,Medium,139
24,2025-01-05,23.8,High,84
24,2025-01-06,28.65,Low,122
24,2025-01-07,23.39,High,70
24,2025-01-08,15.03,Medium,88
24,2025-01-09,28.67,Medium,51
24,2025-01-10,25.91,Medium,78
24,2025-01-11,28.13,Low,147
24,2025-01-12,27.76,High,101
24,2025-01-13,24.61,Medium,64
24,2025-01-14,17.37,Low,115
24,2025-01-15,17.81,Medium,117
24,2025-01-16,25.32,High,148
24,2025-01-17,23.13,High,51
24,2025-01-18,18.71,High,95
24,2025-01-19,20.9,Medium,121
24,2025-01-20,29.95,Medium,88
24,2025-01-21,24.35,Low,115
24,2025-01-22,19.62,Low,104
24,2025-01-23,29.76,Medium,92
24,2025-01-24,26.61,Medium,117
24,2025-01-25,25.35,Low,146
24,2025-01-26,15.49,Medium,147
24,2025-01-27,24.27,Low,62
24,2025-01-28,20.54,Low,135
24,2025-01-29,26.92,Medium,130
24,2025-01-30,21.91,Medium,131
25,2025-01-01,23.5,Low,106
25,2025-01-02,28.39,Low,128
25,2025-01-03,22.78,High,143
25,2025-01-04,18.5,Low,72
25,2025-01-05,22.11,Medium,113
25,2025-01-06,29.74,High,111
25,2025-01-07,19.1,High,54
25,2025-01-08,28.32,Medium,103
25,2025-01-09,27.74,Low,64
25,2025-01-10,16.69,Medium,115
25,2025-01-11,18.13,Medium,143
25,2025-01-12,19.81,Medium,104
25,2025-01-13,17.43,Medium,66
25,2025-01-14,29.51,Medium,52
25,2025-01-15,23.19,High,56
25,2025-01-16,16.05,Medium,60
25,2025-01-17,26.39,Low,89
25,2025-01-18,21.63,Low,118
25,2025-01-19,15.72,High,66
25,2025-01-20,29.28,Medium,50
25,2025-01-21,22.34,Low,145
25,2025-01-22,24.28,Medium,64
25,2025-01-23,21.13,Low,143
25,2025-01-24,21.93,Low,110
25,2025-01-25,16.91,Low,86
25,2025-01-26,16.86,Medium,110
25,2025-01-27,26.87,High,112
25,2025-01-28,26.51,Low,100
25,2025-01-29,26.4,High,139
25,2025-01-30,20.75,Medium,110
26,2025-01-01,23.82,Low,87
26,2025-01-02,24.86,Medium,133
26,2025-01-03,23.39,High,64
26,2025-01-04,21.58,Low,108
26,2025-01-05,26.81,Medium,94
26,2025-01-06,26.95,Low,89
26,2025-01-07,19.95,Low,65
26,2025-01-08,22.43,Medium,122
26,2025-01-09,26.15,Low,62
26,2025-01-10,17.84,High,143
26,2025-01-11,27.63,Medium,76
26,2025-01-12,26.96,High,64
26,2025-01-13,22.92,Medium,135
26,2025-01-14,28.03,Low,86
26,2025-01-15,20.32,Medium,91
26,2025-01-16,24.62,Medium,143
26,2025-01-17,29.89,Low,100
26,2025-01-18,25.85,Low,77
26,2025-01-19,27.26,Low,138
26,2025-01-20,15.37,High,111
26,2025-01-21,28.38,High,63
26,2025-01-22,20.51,Medium,55
26,2025-01-23,20.27,Medium,88
26,2025-01-24,24.26,Medium,64
26,2025-01-25,18.97,High,51
26,2025-01-26,25.48,Low,93
26,2025-01-27,19.68,Medium,89
26,2025-01-28,17.86,Low,125
26,2025-01-29,22.37,Medium,50
26,2025-01-30,22.11,Medium,135
27,2025-01-01,28.07,High,77
27,2025-01-02,27.63,High,134
27,2025-01-03,16.04,Low,105
27,2025-01-04,16.58,High,61
27,2025-01-05,16.35,Low,90
27,2025-01-06,24.39,Medium,123
27,2025-01-07,21.39,High,92
27,2025-01-08,22.93,Low,68
27,2025-01-09,19.89,Low,142
27,2025-01-10,22.39,High,50
27,2025-01-11,17.68,High,55
27,2025-01-12,16.4,Medium,68
27,2025-01-13,26.82,High,142
27,2025-01-14,24.79,High,75
27,2025-01-15,22.15,Medium,113
27,2025-01-16,19.94,Medium,74
27,2025-01-17,19.23,High,96
27,2025-01-18,23.1,High,113
27,2025-01-19,26.79,Low,59
27,2025-01-20,20.38,Medium,79
27,2025-01-21,17.8,High,56
27,2025-01-22,26.32,Low,145
27,2025-01-23,19.71,High,94
27,2025-01-24,19.72,Low,52
27,2025-01-25,25.0,Low,109
27,2025-01-26,16.83,Medium,59
27,2025-01-27,18.64,Low,143
27,2025-01-28,22.91,Low,73
27,2025-01-29,29.24,Medium,107
27,2025-01-30,20.63,Low,132
28,2025-01-01,16.08,Medium,136
28,2025-01-02,29.15,High,56
28,2025-01-03,23.69,High,147
28,2025-01-04,16.73,Medium,143
28,2025-01-05,15.95,Low,68
28,2025-01-06,17.11,Low,54
28,2025-01-07,29.95,Medium,145
28,2025-01-08,28.76,Low,107
28,2025-01-09,20.1,Medium,143
28,2025-01-10,17.55,Medium,105
28,2025-01-11,25.28,Medium,98
28,2025-01-12,29.48,Medium,145
28,2025-01-13,27.02,Medium,143
28,2025-01-14,26.4,High,99
28,2025-01-15,20.01,High,125
28,2025-01-16,18.49,Medium,147
28,2025-01-17,22.25,Low,83
28,2025-01-18,20.79,High,71
28,2025-01-19,24.14,High,113
28,2025-01-20,28.69,Medium,113
28,2025-01-21,24.63,Medium,85
28,2025-01-22,27.79,Medium,95
28,2025-01-23,28.89,High,77
28,2025-01-24,24.84,High,141
28,2025-01-25,21.01,High,130
28,2025-01-26,28.11,Medium,112
28,2025-01-27,21.12,High,84
28,2025-01-28,27.49,High,128
28,2025-01-29,29.94,High,60
28,2025-01-30,19.42,Medium,90
29,2025-01-01,29.06,Low,105
29,2025-01-02,24.47,Low,135
29,2025-01-03,17.24,High,116
29,2025-01-04,25.8,Medium,80
29,2025-01-05,19.83,Low,115
29,2025-01-06,17.24,Low,56
29,2025-01-07,22.6,High,70
29,2025-01-08,18.05,Low,108
29,2025-01-09,20.88,Medium,124
29,2025-01-10,22.33,Low,59
29,2025-01-11,29.44,Low,126
29,2025-01-12,24.93,Low,91
29,2025-01-13,29.07,High,103
29,2025-01-14,27.13,Low,103
29,2025-01-15,20.33,Medium,89
29,2025-01-16,29.45,High,144
29,2025-01-17,27.19,High,77
29,2025-01-18,18.85,Medium,72
29,2025-01-19,25.55,High,95
29,2025-01-20,22.0,High,98
29,2025-01-21,29.93,Medium,55
29,2025-01-22,20.88,Medium,65
29,2025-01-23,17.95,Low,122
29,2025-01-24,23.14,Medium,146
29,2025-01-25,15.34,Medium,149
29,2025-01-26,21.84,Low,62
29,2025-01-27,27.4,High,71
29,2025-01-28,18.15,High,52
29,2025-01-29,27.2,High,89
29,2025-01-30,28.13,High,109
30,2025-01-01,26.44,Medium,100
30,2025-01-02,17.7,Medium,55
30,2025-01-03,26.66,Low,68
30,2025-01-04,29.43,Medium,145
30,2025-01-05,19.01,High,66
30,2025-01-06,18.19,High,55
30,2025-01-07,23.51,Low,78
30,2025-01-08,27.86,Low,97
30,2025-01-09,19.08,High,83
30,2025-01-10,19.6,Medium,130
30,2025-01-11,23.49,High,105
30,2025-01-12,18.89,Low,107
30,2025-01-13,23.14,High,108
30,2025-01-14,15.13,Low,139
30,2025-01-15,16.94,Medium,83
30,2025-01-16,26.32,High,50
30,2025-01-17,18.14,Low,125
30,2025-01-18,27.67,High,125
30,2025-01-19,15.71,Low,145
30,2025-01-20,17.0,Medium,147
30,2025-01-21,23.01,High,146
30,2025-01-22,23.21,Low,100
30,2025-01-23,19.94,Medium,146
30,2025-01-24,16.48,High,133
30,2025-01-25,17.97,Low,93
30,2025-01-26,23.31,High,138
30,2025-01-27,16.28,Medium,83
30,2025-01-28,17.34,Low,121
30,2025-01-29,22.54,Low,98
30,2025-01-30,21.39,Low,68
31,2025-01-01,18.74,High,56
31,2025-01-02,28.49,Low,123
31,2025-01-03,20.75,Medium,130
31,2025-01-04,18.1,Low,145
31,2025-01-05,18.4,High,109
31,2025-01-06,29.82,Medium,51
31,2025-01-07,22.43,Medium,68
31,2025-01-08,22.65,Low,115
31,2025-01-09,20.08,Low,62
31,2025-01-10,17.21,High,142
31,2025-01-11,18.8,High,100
31,2025-01-12,25.07,Medium,52
31,2025-01-13,25.14,Low,62
31,2025-01-14,20.32,High,147
31,2025-01-15,26.89,Low,86
31,2025-01-16,29.86,Low,146
31,2025-01-17,22.68,Medium,122
31,2025-01-18,15.95,Medium,103
31,2025-01-19,25.67,Medium,59
31,2025-01-20,23.91,Low,59
31,2025-01-21,27.52,Medium,129
31,2025-01-22,20.84,Medium,65
31,2025-01-23,21.94,High,107
31,2025-01-24,28.2,Low,71
31,2025-01-25,27.33,Low,122
31,2025-01-26,22.76,Low,123
31,2025-01-27,15.5,High,51
31,2025-01-28,26.05,High,139
31,2025-01-29,16.13,High,92
31,2025-01-30,29.28,Medium,148
32,2025-01-01,20.47,Medium,107
32,2025-01-02,17.33,Medium,128
32,2025-01-03,17.35,Medium,118
32,2025-01-04,25.99,Medium,104
32,2025-01-05,24.93,Medium,117
32,2025-01-06,17.19,Low,74
32,2025-01-07,22.9,Low,86
32,2025-01-08,26.84,Medium,99
32,2025-01-09,22.0,Medium,136
32,2025-01-10,25.17,High,140
32,2025-01-11,28.02,High,140
32,2025-01-12,24.84,Medium,117
32,2025-01-13,16.29,Low,121
32,2025-01-14,17.38,Medium,125
32,2025-01-15,21.83,Medium,85
32,2025-01-16,16.92,Medium,68
32,2025-01-17,20.34,High,63
32,2025-01-18,15.71,High,52
32,2025-01-19,16.56,High,58
32,2025-01-20,28.37,High,147
32,2025-01-21,24.56,High,51
32,2025-01-22,29.34,Medium,92
32,2025-01-23,20.08,Low,63
32,2025-01-24,25.32,Low,146
32,2025-01-25,20.15,High,62
32,2025-01-26,26.38,Low,150
32,2025-01-27,29.44,Low,124
32,2025-01-28,20.8,Medium,77
32,2025-01-29,15.18,Medium,57
32,2025-01-30,15.23,Low,136
33,2025-01-01,15.04,High,149
33,2025-01-02,29.57,Medium,72
33,2025-01-03,27.94,Medium,150
33,2025-01-04,28.37,Medium,70
33,2025-01-05,20.48,High,75
33,2025-01-06,17.0,Medium,81
33,2025-01-07,26.35,Low,50
33,2025-01-08,15.3,Low,140
33,2025-01-09,16.45,Medium,58
33,2025-01-10,17.23,High,123
33,2025-01-11,24.65,High,120
33,2025-01-12,29.06,Medium,132
33,2025-01-13,19.54,High,57
33,2025-01-14,18.79,Low,138
33,2025-01-15,25.36,Medium,54
33,2025-01-16,18.8,Low,133
33,2025-01-17,28.16,Medium,81
33,2025-01-18,29.84,Medium,57
33,2025-01-19,21.83,High,116
33,2025-01-20,22.24,Medium,109
33,2025-01-21,16.72,Medium,112
33,2025-01-22,25.79,Low,73
33,2025-01-23,20.19,High,138
33,2025-01-24,19.56,High,75
33,2025-01-25,29.59,Low,128
33,2025-01-26,25.87,Medium,123
33,2025-01-27,21.77,Low,141
33,2025-01-28,27.67,Low,100
33,2025-01-29,23.25,Medium,103
33,2025-01-30,15.93,Low,107
34,2025-01-01,16.24,High,79
34,2025-01-02,16.55,High,141
34,2025-01-03,15.58,Low,132
34,2025-01-04,29.17,Medium,59
34,2025-01-05,29.71,High,130
34,2025-01-06,24.8,High,79
34,2025-01-07,28.23,Low,53
34,2025-01-08,23.2,Low,89
34,2025-01-09,22.99,Medium,119
34,2025-01-10,25.97,Low,103
34,2025-01-11,20.28,High,141
34,2025-01-12,22.51,Medium,109
34,2025-01-13,23.82,Medium,141
34,2025-01-14,17.85,Medium,100
34,2025-01-15,22.1,Medium,66
34,2025-01-16,29.4,Low,94
34,2025-01-17,21.15,Low,76
34,2025-01-18,23.1,High,63
34,2025-01-19,15.02,Medium,143
34,2025-01-20,20.01,High,123
34,2025-01-21,27.79,High,59
34,2025-01-22,27.85,Low,113
34,2025-01-23,24.1,High,128
34,2025-01-24,18.8,Medium,61
34,2025-01-25,20.09,Low,76
34,2025-01-26,20.97,Low,105
34,2025-01-27,29.05,Medium,113
34,2025-01-28,29.58,Low,67
34,2025-01-29,28.09,Medium,101
34,2025-01-30,25.28,Low,50
35,2025-01-01,24.64,Low,91
35,2025-01-02,17.67,High,127
35,2025-01-03,26.73,Low,78
35,2025-01-04,28.92,Medium,56
35,2025-01-05,21.56,High,103
35,2025-01-06,15.85,Low,86
35,2025-01-07,21.22,Medium,126
35,2025-01-08,21.05,Low,99
35,2025-01-09,17.1,High,150
35,2025-01-10,21.55,Medium,83
35,2025-01-11,15.24,Low,143
35,2025-01-12,18.24,Medium,103
35,2025-01-13,26.75,Low,60
35,2025-01-14,27.39,Low,148
35,2025-01-15,16.27,Medium,62
35,2025-01-16,28.02,Low,78
35,2025-01-17,23.5,High,80
35,2025-01-18,24.51,High,139
35,2025-01-19,26.26,High,129
35,2025-01-20,26.81,Low,75
35,2025-01-21,21.04,High,57
35,2025-01-22,27.01,High,62
35,2025-01-23,15.61,Low,110
35,2025-01-24,27.13,Medium,54
35,2025-01-25,23.19,Low,96
35,2025-01-26,17.95,Low,141
35,2025-01-27,27.99,Low,145
35,2025-01-28,24.3,High,109
35,2025-01-29,17.21,Low,62
35,2025-01-30,28.87,Medium,72
36,2025-01-01,29.35,High,122
36,2025-01-02,28.31,High,148
36,2025-01-03,21.86,High,126
36,2025-01-04,16.73,Medium,89
36,2025-01-05,28.5,High,78
36,2025-01-06,29.06,Low,116
36,2025-01-07,17.36,High,116
36,2025-01-08,16.53,Medium,74
36,2025-01-09,26.38,Medium,61
36,2025-01-10,27.08,Medium,126
36,2025-01-11,28.08,Low,66
36,2025-01-12,23.5,Low,90
36,2025-01-13,29.49,High,78
36,2025-01-14,22.13,High,95
36,2025-01-15,21.16,Medium,91
36,2025-01-16,23.45,High,111
36,2025-01-17,16.72,High,84
36,2025-01-18,21.07,Low,77
36,2025-01-19,24.79,Medium,111
36,2025-01-20,22.11,Low,51
36,2025-01-21,15.07,High,59
36,2025-01-22,28.55,Low,78
36,2025-01-23,19.17,Medium,149
36,2025-01-24,27.85,Medium,64
36,2025-01-25,28.93,Low,55
36,2025-01-26,25.89,Medium,114
36,2025-01-27,24.13,Low,121
36,2025-01-28,15.63,Low,147
36,2025-01-29,22.18,Low,143
36,2025-01-30,27.64,Medium,140
37,2025-01-01,18.86,Low,97
37,2025-01-02,29.55,High,149
37,2025-01-03,24.24,Low,148
37,2025-01-04,20.37,Medium,54
37,2025-01-05,22.33,Low,121
37,2025-01-06,20.52,Low,109
37,2025-01-07,19.71,Low,116
37,2025-01-08,18.11,Medium,143
37,2025-01-09,23.3,Medium,131
37,2025-01-10,27.48,Low,126
37,2025-01-11,29.42,Low,97
37,2025-01-12,23.9,Medium,121
37,2025-01-13,18.88,High,144
37,2025-01-14,18.21,Medium,103
37,2025-01-15,18.87,High,66
37,2025-01-16,26.62,Medium,72
37,2025-01-17,28.08,Low,134
37,2025-01-18,28.26,Low,109
37,2025-01-19,17.17,High,75
37,2025-01-20,21.56,Medium,60
37,2025-01-21,17.13,High,66
37,2025-01-22,17.12,High,60
37,2025-01-23,22.39,Low,108
37,2025-01-24,24.11,Low,70
37,2025-01-25,23.92,High,55
37,2025-01-26,20.71,High,125
37,2025-01-27,25.7,High,69
37,2025-01-28,16.02,Medium,140
37,2025-01-29,23.82,Low,77
37,2025-01-30,21.58,Low,71
38,2025-01-01,16.45,Low,82
38,2025-01-02,28.19,Medium,70
38,2025-01-03,27.59,Low,62
38,2025-01-04,24.28,Medium,73
38,2025-01-05,20.13,High,122
38,2025-01-06,18.82,High,98
38,2025-01-07,18.69,Low,50
38,2025-01-08,20.46,Medium,67
38,2025-01-09,22.67,Low,58
38,2025-01-10,27.63,High,55
38,2025-01-11,25.45,High,111
38,2025-01-12,18.02,Medium,80
38,2025-01-13,15.68,Medium,91
38,2025-01-14,29.87,Low,110
38,2025-01-15,24.69,High,54
38,2025-01-16,18.73,High,105
38,2025-01-17,24.9,High,146
38,2025-01-18,15.45,High,131
38,2025-01-19,26.65,Medium,130
38,2025-01-20,16.35,Low,73
38,2025-01-21,19.92,Low,150
38,2025-01-22,25.92,Low,131
38,2025-01-23,24.58,Low,84
38,2025-01-24,19.9,Medium,124
38,2025-01-25,15.25,Medium,67
38,2025-01-26,20.33,Medium,104
38,2025-01-27,24.6,Medium,126
38,2025-01-28,26.61,Medium,95
38,2025-01-29,28.42,Low,65
38,2025-01-30,28.92,High,88
39,2025-01-01,28.35,Low,57
39,2025-01-02,21.36,Low,115
39,2025-01-03,17.51,High,132
39,2025-01-04,27.79,Medium,85
39,2025-01-05,23.69,High,123
39,2025-01-06,26.12,Medium,117
39,2025-01-07,20.44,Medium,112
39,2025-01-08,15.38,Low,77
39,2025-01-09,22.76,Low,140
39,2025-01-10,17.46,Low,58
39,2025-01-11,24.17,Medium,119
39,2025-01-12,26.59,High,82
39,2025-01-13,27.01,High,108
39,2025-01-14,28.23,High,117
39,2025-01-15,27.88,Low,89
39,2025-01-16,23.19,Low,77
39,2025-01-17,22.52,High,52
39,2025-01-18,18.93,Medium,144
39,2025-01-19,26.11,High,89
39,2025-01-20,29.19,Low,55
39,2025-01-21,20.94,High,104
39,2025-01-22,23.73,Low,125
39,2025-01-23,29.85,High,76
39,2025-01-24,26.01,Medium,106
39,2025-01-25,26.39,Medium,145
39,2025-01-26,17.9,Low,62
39,2025-01-27,28.63,High,81
39,2025-01-28,20.44,Low,118
39,2025-01-29,18.73,Medium,115
39,2025-01-30,18.93,Medium,116
40,2025-01-01,23.31,Low,125
40,2025-01-02,17.88,Medium,63
40,2025-01-03,23.86,High,80
40,2025-01-04,19.53,Low,56
40,2025-01-05,18.15,Medium,83
40,2025-01-06,26.55,Medium,68
40,2025-01-07,22.61,High,71
40,2025-01-08,26.92,High,140
40,2025-01-09,16.69,Low,108
40,2025-01-10,15.8,High,87
40,2025-01-11,24.66,High,112
40,2025-01-12,23.42,Low,63
40,2025-01-13,23.5,High,95
40,2025-01-14,26.63,Medium,97
40,2025-01-15,24.09,High,95
40,2025-01-16,16.97,Low,125
40,2025-01-17,20.11,High,79
40,2025-01-18,17.56,Medium,55
40,2025-01-19,26.05,High,129
40,2025-01-20,21.17,Medium,85
40,2025-01-21,18.73,High,116
40,2025-01-22,21.99,High,94
40,2025-01-23,27.75,Low,147
40,2025-01-24,21.22,Low,99
40,2025-01-25,17.45,High,81
40,2025-01-26,29.77,Low,150
40,2025-01-27,29.25,Low,115
40,2025-01-28,18.2,High,89
40,2025-01-29,24.55,Low,95
40,2025-01-30,19.89,High,98
